f_category,f_energy_kcal,f_fat_g,f_fatty_acids_sat_g,f_fatty_acids_monounsat_g,f_fatty_acids_polyunsat_g,f_cholesterol_mg,f_carbohydrates_g,f_sugars_g,f_starch_g,f_fibres_g,f_protein_g,f_salt_g,f_alcohol_g,f_water_g,f_vit_A_activity_re_µg,f_vit_A_activity_rae_µg,f_retinol_µg,f_beta_carotene_activity_µg,f_beta_carotene_µg,f_vit_B1_mg,f_vit_B2_mg,f_vit_B6_mg,f_vit_B12_µg,f_niacin_mg,f_folate_µg,f_panthotenic_acid_mg,f_vit_c_mg,f_vit_d_µg,f_vit_e_activity_mg,f_potassium_mg,f_sodium_mg,f_chloride_mg,f_calcium_mg,f_magnesium_mg,f_phosphorus_mg,f_iron_mg,f_iodide_µg,f_zinc_mg,f_selenium_µg,f_category_new
Sweets/Sugar and sweeteners,293,0.0,0,n.d.,n.d.,n.d.,73.1,n.d.,n.d.,0,0.2,0.0,n.d.,n.d.,n.d.,n.d.,n.d.,n.d.,n.d.,n.d.,n.d.,n.d.,n.d.,n.d.,n.d.,n.d.,n.d.,n.d.,n.d.,n.d.,4.0,n.d.,n.d.,n.d.,n.d.,n.d.,n.d.,n.d.,n.d.,sweets
"Nuts, seeds and oleaginous fruit",624,52.1,4.1,31.4,11.4,0,7.8,6.6,0.6,10.6,25.6,0.0,0,3.3,0,0,0,0,0,0.15,0.94,0.13,0,1.88,55.9,0.48,0.5,0,27.1,740,1.1,40,270,240,510,3.3,0.2,3.3,2.2,fruits
"Savoury snacks/Salted nuts, seeds and kernels",637,52.5,4.1,33.1,13,0,10.1,4.9,0.7,10.9,25.4,0.6,0,2.4,0,0,0,1,1,0.08,1.2,0.14,0,3.64,55,0.32,0,0,23.9,710,230.0,1190,270,280,470,3.7,2.4,3.3,2,nuts
"Savoury snacks/Salted nuts, seeds and kernels",649,55.2,4.2,34.8,13.5,0,7.2,4.6,0.6,10.5,25.6,0.8,0,2.8,0,0,0,1,1,0.09,0.78,0.12,0,3.67,27,0.23,0,0,25.97,670,330.0,1190,240,270,470,3.3,2.4,3.1,2,nuts
"Cereal products, pulses and potatoes/Other cereal products",119,2.1,0.4,0.5,0.8,0,18.1,0.5,17.6,3.5,5.0,0.0,0,71.2,0,0,0,0,0,0.02,0.06,0.11,0,0.34,16.2,0.27,1,0,0.4,150,1.9,36,58,84,180,3,0.8,1.2,n.d.,cereals
"Cereal products, pulses and potatoes/Other cereal products",376,7.0,1.5,1.7,2.8,0,56.8,1.7,55.1,11,15.8,0.0,0,11.1,0,0,0,0,0,0.08,0.19,0.53,0,1.2,64.3,0.95,4.2,0,1.19,480,4.0,110,160,250,560,9,2.5,3.7,n.d.,cereals
Sweets/Cookies/Biscuits,464,13.0,1,7.8,2.8,0,76.7,76.4,0.1,2.6,8.8,0.1,0,0,0,0,0,0,0,0.04,0.31,0.04,0.07,0.48,15,0.17,0.1,0,6.74,220,42.0,47,69,62,130,0.9,1.7,0.8,3.2,sweets
Various/Spreads,272,21.3,4,13.8,2.1,57,0.2,0.1,0,0,19.8,19.0,0,58.7,11,10,9,13,13,0.03,0.19,0.28,15.68,2.93,12,0.47,0.4,1.3,5.51,190,7720.0,6000,220,170,210,2.1,25,1.3,n.d.,other
Milk and dairy products/Hard cheese,235,11.4,6.8,2.7,0.5,34,0.0,0,0,0,33.1,2.0,0,48.2,141,136,130,68,68,0.04,0.5,0.07,1.3,0.1,15,0.54,0.0001,0.3,0.36,120,810.0,1240,1090,36,730,0.2,35,2.5,n.d.,dairy
Milk and dairy products/Hard cheese,384,31.7,19,7.4,1.5,95,0.0,0,0,0,24.3,1.6,0,39.6,382,366,350,190,190,0.04,0.36,0.07,1.06,0.1,15,0.33,0.0001,0.5,0.95,82,620.0,960,740,29,540,0.3,8.4,4,n.d.,dairy
Fruit/Fruit juices;Non-alcoholic beverages/Fruit and vegetable juices,50,0.1,0,0,0,0,11.9,11.3,0,0.2,0.2,0.0,0,91.9,1,1,0,7,7,0.01,0.0001,0.04,0,0.04,7,0.05,7.4,0,0.51,120,14.0,2,4.5,4.7,6.9,0.3,1,0.0001,0.1,non_alcoholic_beverages
"Sweets/Cakes and tarts;Prepared dishes/Cakes, pies and gratins",146,6.6,2.8,2.5,0.8,18,18.5,9.4,9,1.3,2.6,0.2,0,71.1,11,9,8,15,15,0.03,0.04,0.05,0.08,0.1,5.3,0.21,3.9,0.1,0.76,120,89.0,180,18,10,43,0.4,3.4,0.3,1.8,sweets
"Sweets/Cakes and tarts;Prepared dishes/Cakes, pies and gratins",144,6.7,2.8,2.7,0.8,18,17.8,9.4,8.3,1.3,2.4,0.3,0,71.8,11,9,8,15,15,0.03,0.04,0.04,0.08,0.1,4.8,0.2,3.9,0.1,0.8,110,110.0,210,17,7.5,35,0.2,3.4,0.2,1.8,sweets
Fruit/Fresh fruit,52,0.3,0.1,0,0.2,0,11.6,11.5,0.1,1.4,0.3,0.0,0,85.4,4,2,0,25,23,0.01,0.01,0.04,0,0.08,6,0.08,7.2,0,0.09,120,1.5,61,5.3,6.5,14,0.1,0.8,0.1,0.5,fruits
Fruit/Dried fruit,264,1.6,0.7,0.1,0.9,0,55.4,50,2.9,11.2,1.4,0.0,0,26.8,1,0,0,4,4,0.04,0.03,0.12,0,0.48,14,0.28,1.8,0,1.57,620,10.0,9,30,23,50,1.2,4.1,0.2,0.5,fruits
Fruit/Cooked fruit (incl. cans),56,0.3,0.1,0,0.2,0,12.2,12.1,0.1,1.5,0.3,0.0,0,85.7,4,2,0,25,23,0.01,0.01,0.04,0,0.09,4,0.09,3.8,0,0.12,94,1.2,80,6.7,6.8,15,0.1,1.1,0.1,0.7,fruits
Fruit/Cooked fruit (incl. cans),89,0.3,0.1,0,0.1,0,20.5,20.4,0.1,1.9,0.3,0.0,0,76.5,n.d.,n.d.,n.d.,n.d.,n.d.,0.02,0.02,0.04,0,0.08,5.9,0.08,2.3,0,0.34,97,3.6,2.1,4.4,3.6,8.1,0.2,0.7,0.1,n.d.,fruits
Fruit/Cooked fruit (incl. cans),55,0.3,0.1,0,0.1,0,11.7,11.6,0.1,2.1,0.3,0.0,0,85,n.d.,n.d.,n.d.,n.d.,n.d.,0.02,0.02,0.05,0,0.09,6.5,0.09,2.5,0,0.43,110,4.0,2.2,4.8,4,9,0.2,0.8,0.1,n.d.,fruits
"Sweets/Cakes and tarts;Prepared dishes/Cakes, pies and gratins",141,6.5,2.8,2.6,0.7,18,16.8,6.2,9,1.5,3.0,0.2,0,72.3,219,114,8,1267,1267,0.04,0.05,0.06,0.08,0.28,5.1,0.28,2,0.1,1.17,200,88.0,140,24,12,48,0.4,3.2,0.3,1.6,sweets
"Sweets/Cakes and tarts;Prepared dishes/Cakes, pies and gratins",139,6.7,2.8,2.7,0.8,18,16.1,6.2,8.3,1.5,2.8,0.3,0,73,225,117,8,1302,1267,0.04,0.04,0.05,0.08,0.27,5.2,0.27,2,0.1,1.2,200,110.0,170,24,8.8,40,0.3,3.2,0.2,1.5,sweets
Fruit/Dried fruit,239,0.5,0.2,0.1,0.2,0,59.1,34.3,0.4,8.3,2.9,0.0,0,24.7,421,210,0,2525,2525,0.01,0.04,0.15,0,2.69,8.9,0.58,0.2,0,5.52,1370,11.0,5.4,82,50,110,1.4,2.7,0.4,0.4,fruits
Fruit/Cooked fruit (incl. cans),62,0.1,0,0.1,0,0,13.7,13.3,0,1.4,0.9,0.0,0,83,154,77,0,925,925,0.02,0.0001,0.02,0,0.11,6.9,0.12,2.2,0,0.45,140,9.7,4.6,18,4.9,11,0.1,0.5,0.1,0.2,fruits
Fruit/Fresh fruit,44,0.1,0,0.1,0,0,9.0,6.7,0.0001,1.7,0.8,0.0,0,87.1,384,192,0,2305,2243,0.02,0.02,0.06,0,0.38,5.6,0.18,3.6,0,0.7,260,0.0001,1,15,8.4,22,0.2,0.5,0.1,0.1,fruits
Fruit/Cooked fruit (incl. cans),45,0.2,0,0.1,0,0,9.0,6.7,0.0001,1.7,1.0,0.0,0,88.2,360,180,0,2161,2103,0.02,0.02,0.05,0,0.38,3.5,0.18,1.8,0,0.88,200,0.0001,1.3,18,8.4,22,0.2,0.6,0.1,0.1,fruits
Fruit/Cooked fruit (incl. cans),40,0.1,0,0.1,0,0,8.2,6.1,0,1.4,0.9,0.0,0,89.4,154,77,0,925,925,0.02,0.02,0.05,0,0.34,3.2,0.16,1.6,0,0.8,180,0.0,1.1,16,7.6,20,0.2,0.6,0.1,0.1,fruits
Vegetables/Cooked vegetables (incl. cans),27,0.5,0.0001,0.0001,0.0001,0,2.3,1.2,0.4,3.2,1.8,0.8,0,90.5,4,2,0,25,25,0.02,0.03,0.03,0,0.39,54.3,0.13,12.2,0.3,1.12,150,310.0,500,25,18,34,0.4,20.0,0.3,20.0,vegetables
Vegetables/Fresh vegetables,27,0.2,0.0001,0.0001,0.0001,0,3.3,3.2,0.1,1.7,2.2,0.0,0,92,26,13,0,156,148,0.12,0.13,0.07,0,1.1,76.3,0.19,14.9,0,1.7,270,3.0,53,22,18,56,0.9,7,0.4,n.d.,vegetables
Vegetables/Cooked vegetables (incl. cans),26,0.2,0,0,0,0,3.1,3,0.1,1.6,2.1,0.0,0,93,23,12,0,141,133,0.1,0.12,0.06,0,0.88,45.8,0.16,11.2,0,1.7,230,2.6,50,21,16,53,0.7,6.7,0.4,n.d.,vegetables
"Vegetables/Fresh vegetables;Nuts, seeds and oleaginous fruit",144,14.2,2.9,8.9,1.8,0,0.8,0.8,0.0001,3,1.8,0.0,0,76.4,17,9,0,102,78,0.06,0.16,0.19,0,2,29,0.86,6.7,0,1.85,520,7.0,6,16,33,44,1,1,0.6,n.d.,fruits
Sausages and cold meats/Raw sausage products,322,27.6,10.6,12.9,2.2,49,0.6,0.6,0,0,17.8,2.8,0,50.5,6,6,6,0,0,0.62,0.14,0.22,0.35,4.08,3,0.6,24.3,0.6,0.29,270,1130.0,1690,10,16,150,0.4,1.1,2,11,meat
Sausages and cold meats/Raw sausage products,400,34.3,13.1,15.5,2.3,62,0.6,0.6,0.0001,0,22.1,3.8,0,39,4,4,4,0,0,0.56,0.14,0.3,0.5,6.9,0.0001,1.1,8.3,1.7,0.0001,400,1520.0,2370,0.0001,22,210,0.0001,0.0001,2.3,9.6,meat
"Bread, flakes and breakfast cereals/Bread and bread products",255,0.9,0.2,0.1,0.5,0,51.2,0.5,50.1,2.9,9.0,1.6,0,36.8,0,0,0,0,0,0.12,0.03,0.09,0.01,0.46,8.8,0.26,0,0,0.19,140,660.0,1020,10,22,81,0.9,1,0.7,2.7,cereals
"Various/Salt, spices and flavours",128,0.6,0,0,0,0,25.8,19.1,0,0.5,0.7,0.1,0,70.3,1,0,0,5,5.0,0.02,0.01,1.71,0,0.1,5.5,0.07,0.5,0.3,0,160,27.0,20.0,18,12,24,1,20.0,0.1,20.0,other
Prepared dishes/Asian dishes,130,2.4,0.3,1.3,0.5,44,13.2,1.4,11.3,0.9,13.5,1.0,0,70.1,44,27,11,196,196,0.12,0.08,0.14,0.05,3.6,4.3,0.32,11.6,0.3,0.33,190,400.0,620,9.5,18,120,0.7,1.6,0.7,n.d.,other
Fruit/Dried fruit,273,1.0,0.4,0.1,0.2,0,60.2,43.7,16.5,5.5,3.0,0.0,0,28,17,8,0,100,100,0.1,0.18,0.81,0,2,33.3,0.54,4,0,0.6,1150,8.0,300,20,90,75,1.3,8.1,0.6,n.d.,fruits
Fruit/Dried fruit,370,1.8,0.7,0.2,0.3,0,80.7,65.3,15.4,7.6,3.9,0.0,0,3,60,30,0,363,350,0.18,0.24,0.0001,0,2.8,0.0001,0.0001,7,0,0.0001,1490,3.0,0.0001,22,110,74,1.2,0.0001,0.0001,n.d.,fruits
Fruit/Fresh fruit,89,0.1,0.0001,0.0001,0.0001,0,19.7,15.6,3.8,2.7,1.1,0.0,0,75.8,14,7,0,84,54,0.05,0.03,0.25,0,0.6,25.6,0.23,11.9,0,0.0001,320,0.0001,80,5.1,28,29,0.2,3,0.1,0.5,fruits
"Bread, flakes and breakfast cereals/Flakes, bran and germs",333,1.5,0.3,0.1,0.7,0,66.1,2.2,63.6,10.3,8.5,0.0,0,12.4,0,0,0,0,0,0.2,0.08,0.29,0,3.1,19,0.49,0,0,0.25,160,3.0,20,16,66,190,2,1,1.3,2.8,cereals
"Cereal products, pulses and potatoes/Other cereal products",135,2.1,0.3,1.3,0.3,0,24.7,1.6,21.8,1.7,3.5,0.8,0,68.2,0,0,0,1,1,0.05,0.02,0.06,0,0.81,5.2,0.06,0.4,0,0.43,57,340.0,540,13,23,71,1,0.7,0.7,n.d.,cereals
Vegetables/Herbs,46,0.8,0.1,0,0.4,0,5.1,5,0.1,3.1,3.1,0.0,0,86.4,811,405,0,4865,4820,0.08,0.31,0.18,0,1.1,50,0.2,26,0,1,300,9.0,35,250,11,37,5.5,0.9,0.7,n.d.,herbs
Sweets/Cookies/Biscuits,412,7.9,0.7,4.5,1.8,0,75.0,52,22.6,2.8,7.5,0.0,0.8,7,2,1,0,13,13,0.06,0.15,0.11,0,0.44,11.4,0.18,1.1,0,3.94,180,2.7,28,51,40,98,1,0.4,0.7,1.1,sweets
Vegetables/Dried vegetables,252,2.0,0.4,0.1,1.1,0,25.7,9.5,10.3,25.3,20.2,0.1,0,6,229,114,0,1371,1371,0.45,0.71,1.33,0,4.1,186,2.19,67.6,0,1,2510,21.0,140,540,230,400,7.2,25,2.5,n.d.,vegetables
Vegetables/Fresh vegetables,31,0.2,0.1,0,0.1,0,3.6,2.2,1.4,3.1,2.1,0.0,0,90.3,51,26,0,306,306,0.08,0.1,0.14,0,0.7,70,0.9,16,0,0.24,240,4.0,13,56,28,38,1,3,0.3,n.d.,vegetables
Various/Sauces,147,9.9,6,2.3,0.5,31,10.1,4.8,5.3,0.2,4.2,0.7,0,75.5,98,95,91,41,41,0.03,0.22,0.03,0.15,0.13,2.7,0.33,0.7,0.2,0.24,170,300.0,490,120,12,99,0.1,9.9,0.4,1.3,sauce
Meat and offal/Beef,134,5.4,2.4,2.3,0.3,53,0.0,0,0,0,21.4,0.1,0,73.2,7,6,5,10,10,0.07,0.15,0.31,2.85,4.85,5.9,0.68,0,0.2,0.44,330,45.0,69,4.5,20,180,1.8,1.6,4.5,n.d.,meat
Prepared dishes/Other savoury dishes,85,2.8,0.4,1.9,0.4,31,3.0,1.5,n.d.,0.6,11.6,0.8,0,82.1,123,63,2,727,727,0.01,0.07,0.13,0.48,n.d.,5,0.35,0.9,0.2,0.7,130,300.0,470,9.9,8.9,91,0.8,2.2,2.2,n.d.,other
Meat and offal/Beef,190,7.1,3.3,2.8,0.6,98,0.0,0,n.d.,0,31.7,0.1,0,61.2,9,7,6,13,13,0.02,0.15,0.39,1.4,n.d.,6.5,0.62,0,0.6,0.33,280,48.0,90,5.9,19,200,2.8,5,7.6,n.d.,meat
Meat and offal/Beef,276,18.9,7.9,8.7,1.2,80,0.0,0,n.d.,0,26.6,0.1,0,54.5,8,7,6,11,11,0.02,0.16,0.32,1.27,5.3,5.9,0.67,0,0.5,0.3,230,41.0,82,5,16,160,1.8,4.5,5.3,n.d.,meat
Meat and offal/Beef,132,5.5,2.5,2.2,0.5,59,0.0,0,n.d.,0,20.7,0.1,0,71.2,7,6,5.0,10,10,0.04,0.13,0.55,1.4,n.d.,6,0.74,0,0.5,0.26,320,57.0,54,4.4,18,180,1.7,3,4.9,n.d.,meat
Meat and offal/Beef,227,16.6,7,7.6,1,53,0.0,0,n.d.,0,19.5,0.2,0,61.7,7,6,5.0,10,10,0.04,0.13,0.53,1.4,7,6,0.74,0,0.5,0.26,300,60.0,54,4.1,18,160,1.2,3,3.5,n.d.,meat
Meat and offal/Beef,254,15.6,6.7,7.4,0.6,100,0.0,0,0,0,28.3,0.1,0,56,8,7,6,13,13,0.06,0.24,0.11,4.6,3.91,3.3,0.53,0,0,0.53,230,36.0,88,5.3,18,210,3.6,0.5,8,n.d.,meat
Meat and offal/Beef,188,12.5,5.4,5.9,0.5,60,0.0,0,0,0,18.9,0.1,0,67.7,7,6,5.0,10,10,0.09,0.18,0.17,4.6,4.7,3,0.53,0,0.0001,0.43,270,48.0,53,4,18,190,2.2,0.3,4.8,n.d.,meat
Meat and offal/Beef,102,1.5,0.6,0.6,0.3,56,0.0,0,n.d.,0,22.2,0.1,0,74,7,6,5.0,10,10,0.08,0.13,0.26,1.18,5.03,6,0.74,0,0.5,0.26,360,44.0,50,4.2,20,190,1.4,3,3.5,7.6,meat
Meat and offal/Beef,162,4.6,2.2,2.3,0.4,63,0.0,0,0,0,30.2,0.1,0,65.2,5,4,4,8,8,0.03,0.12,0.45,1.34,5.48,7,0.76,0,0.4,0.68,290,49.0,74,6,23,210,1.7,4.1,4.7,12,meat
Meat and offal/Beef,133,4.5,2.2,2.2,0.4,46,0.0,0,0,0,23.2,0.1,0,71,7,6,5.0,10,10,0.05,0.1,0.73,1.4,5,6,0.69,0,0.5,0.9,360,42.0,54,4.9,20,180,1.3,3,3.4,9,meat
Meat and offal/Beef,106,1.8,0.8,0.8,0.3,52,0.0,0,n.d.,0,22.4,0.1,0,73.8,7,6,5.0,10,10,0.02,0.12,0.63,1.4,n.d.,6,0.72,0,0.5,0.9,380,39.0,54,5.1,20,190,1,3,2.8,8,meat
Meat and offal/Beef,128,2.0,0.9,0.9,0.1,47,0.0,0,0,0,27.7,0.1,0,70.4,6,5,4,9,9,0.08,0.15,0.13,2,4.91,11.3,1.07,0,0,0.18,330,48.0,73,3.6,25,190,2.9,0.1,5.9,n.d.,meat
Meat and offal/Beef,105,2.0,0.9,0.9,0.1,35,0.0,0,0,0,21.9,0.1,0,75.1,7,6,5.0,10,10,0.1,0.13,0.19,2,4.6,10,1,0,0.0001,0.24,340,42.0,55,3,22,160,2.3,0.1,4.4,n.d.,meat
Meat and offal/Beef,138,3.9,1.4,0.6,0.8,354,5.3,0,0,0,20.5,0.3,0,69.1,4259,4179,4100,951,n.d.,0.28,2.88,0.83,65,14.7,220,7.3,23,1.7,0.75,290,120.0,90,7,17,360,7,13,4.8,n.d.,meat
Meat and offal/Beef,211,8.9,3.8,4,0.6,89,0.0,0,0,0,32.6,0.2,0,58.5,7,6,6,9,9,0.05,0.16,0.32,1.57,4.9,13.5,0.39,0,0.4,0.23,290,82.0,79,7.1,23,220,3,4.8,7,n.d.,meat
Meat and offal/Beef,154,7.5,3.2,3.4,0.5,56,0.0,0,0,0,21.6,0.2,0,69.7,8,7,6,10,10,0.06,0.12,0.45,1.41,3.86,10,0.31,0,0.5,0.26,310,61.0,50,5,17,160,2,3,4.4,n.d.,meat
Meat and offal/Beef,165,9.0,4,3.3,0.7,58,0.0,0,n.d.,0,21.1,0.1,0,68.6,7,6,5.0,10,10,0.04,0.13,0.41,1.4,n.d.,6,0.72,0,0.5,0.26,330,45.0,54,4.4,18,170,1.5,3,5,11,meat
Meat and offal/Beef,150,8.1,4,3.3,0.3,60,0.0,0,0,0,19.3,0.1,0,71.7,7,6,5.0,10,10,0.09,0.19,0.18,4.8,5.2,3,0.57,0,0.0001,0.46,300,45.0,54,6.8,18,160,2.1,0.2,5.7,n.d.,meat
Meat and offal/Beef,97,1.3,0.6,0.6,0.3,54,0.0,0,n.d.,0,21.2,0.1,0,74.2,7,6,5.0,10,10,0.01,0.12,0.42,1.4,n.d.,6,0.74,0,0.5,0.26,350,49.0,50,3.9,18,180,1.2,3,3.7,6,meat
Sausages and cold meats/Cooked sausage products,155,7.3,2.6,3.4,0.8,51,0.5,0,0,0,21.7,6.2,0,67.5,5,5,5,0,0,0.66,0.16,0.47,1,2.2,2,0.38,0,0.0001,0.2,240,2470.0,3240,32,54,98,1.5,3.2,1.1,n.d.,meat
Meat and offal/Beef,111,2.3,1.1,0.9,0.1,55,0.0,0,0,0,22.6,0.1,0,74,7,6,5.0,10,10,0.09,0.17,0.0001,2.2,4.5,9.9,0.59,0.0001,0.0001,0.0001,360,50.0,170,3.8,23,200,2.2,3,3.9,6.1,meat
Meat and offal/Beef,117,3.5,1.2,1.4,0.3,61,0.0,0,0,0,21.6,0.1,0,73.8,7,6,5.0,10,10,0.09,0.19,0.19,5,5.1,3,0.6,0,0.0001,0.31,300,50.0,55,4,19,210,1.8,0.1,5.8,n.d.,meat
Meat and offal/Beef,146,3.6,1.3,1.5,0.3,85,0.0,0,0,0,28.5,0.1,0,67.9,6,5,5,9,9,0.07,0.23,0.14,5.21,5.67,3.5,0.67,0,0,0.24,300,59.0,76,5,22,260,2.4,0.1,8.1,n.d.,meat
Meat and offal/Beef,135,3.3,1.2,1.4,0.3,78,0.0,0,0,0,26.3,0.1,0,70.4,6,5,4,8,8,0.07,0.21,0.13,4.81,5.23,3.3,0.62,0,0,0.22,280,54.0,71,4.6,21,240,2.2,0.1,7.4,n.d.,meat
Meat and offal/Beef,170,4.2,1.5,1.7,0.3,98,0.0,0,0,0,33.1,0.2,0,62.7,7,6,5,10,10,0.08,0.27,0.16,6.05,6.58,4.1,0.77,0,0,0.28,350,69.0,89,5.8,26,300,2.8,0.2,9.4,n.d.,meat
Meat and offal/Beef,196,13.0,4.7,6,1.1,108,3.7,0,0,0,16.0,0.2,0,66.4,16,14,12,24,24,0.13,0.29,0.13,5,4.6,7,2,3,0.0001,0.26,260,80.0,13,10,18,160,3,2.3,2.9,n.d.,meat
Alcoholic beverages/Beer,39,0.0,0,0,0,0,7.4,7.1,0,0,0.2,0.0,1.3,91.1,0,0,0,0,0,0,0.02,0.02,0.01,0.27,2.1,0.01,0,0,0,24,2.6,13,4.5,11,7,0.1,1.7,0,n.d.,alcoholic_beverages
Alcoholic beverages/Beer,40,0.0,0,0,0,0,2.0,2,0,0.2,0.6,0.0,4.1,92.5,0,0,0,0,0,0,0.04,0.09,0.1,0.77,5,0.09,0,0,0,43,1.4,11,3.6,11,16,0,0.0001,0.0001,n.d.,alcoholic_beverages
Alcoholic beverages/Beer,42,0.0,0,0,0,0,3.1,2.2,0,0,0.5,0.0,4,91.9,0,0,0,0,0,0,0.03,0.06,0.02,0.77,6.3,0.03,0,0,0,55,1.9,17,3.5,9.6,19,0,1.5,0,n.d.,alcoholic_beverages
Alcoholic beverages/Beer,23,0.0,0,0,0,0,4.9,2.6,0,0,0.4,0.0,0.3,93.3,0,0,0,0,0,0.01,0.01,0.04,0.02,0.65,5,0.08,0,0,0,34,1.5,19,4.8,6.2,11,0,1,8,n.d.,alcoholic_beverages
Vegetables/Fresh vegetables,46,0.1,0,0,0.1,0,8.4,8.4,0,2.5,1.5,0.1,0,86.2,1,1,0,7,7,0.02,0.04,0.04,0,0.23,83,0.15,5.5,0,0.05,410,58.0,82,17,21,45,0.9,0.4,0.4,n.d.,vegetables
Vegetables/Cooked vegetables (incl. cans),54,0.1,0,0,0.1,0,10.0,10,0,3,1.8,0.1,0,85.1,1,1,0,8,8,0.02,0.05,0.04,0,0.23,62.3,0.16,5.5,0,0.06,430,58.0,97,20,22,53,1,0.5,0.4,n.d.,vegetables
Vegetables/Fresh vegetables,20,0.3,0.1,0,0.2,0,2.6,2.5,0.1,2,0.8,0.0,0,92.9,42,21,0,250,217,0.03,0.01,0.28,0,0.1,27.6,0.13,126.6,0,0.85,160,6.0,19,6,6,15,0.3,2,0.2,n.d.,vegetables
Vegetables/Cooked vegetables (incl. cans),25,0.4,0.1,0,0.2,0,3.2,3.1,0.1,2.5,1.0,0.0,0,93,49,25,0,295,256,0.03,0.01,0.29,0,0.11,21.8,0.14,121.6,0,1.12,160,6.9,24,7.7,6.6,19,0.3,2.5,0.2,n.d.,vegetables
Vegetables/Fresh vegetables,32,0.4,0.1,0,0.1,0,5.2,5.1,0.1,2,0.9,0.0,0,91.3,152,76,0,910,696,0.03,0.03,0.27,0,0.9,28.2,0.16,149.3,0,0.7,170,3.0,18,9,12,20,0.4,1,0.3,n.d.,vegetables
Vegetables/Cooked vegetables (incl. cans),39,0.4,0.1,0,0.2,0,6.4,6.2,0.1,2.5,1.1,0.0,0,89.6,180,90,0,1078,825,0.03,0.03,0.29,0,0.95,22.2,0.17,143.4,0,0.92,170,3.4,23,11,13,25,0.4,1.3,0.3,n.d.,vegetables
Sweets/Other sweet pastries,336,12.8,6.8,4,0.9,104,45.8,17.1,28.5,2.2,8.4,0.6,0,32.2,130,126,122,50,50,0.05,0.1,0.1,0.0001,0.48,14,0.38,0.2,1,0.78,110,250.0,400,38,16,100,1.3,4.1,0.9,n.d.,sweets
Milk and dairy products/Hard cheese,453,38.3,n.d.,n.d.,n.d.,n.d.,0.0,n.d.,0,0,27.1,1.6,0,26.2,n.d.,n.d.,n.d.,n.d.,n.d.,n.d.,n.d.,n.d.,n.d.,n.d.,n.d.,n.d.,n.d.,n.d.,n.d.,n.d.,660.0,n.d.,920,n.d.,n.d.,n.d.,n.d.,n.d.,n.d.,dairy
Milk and dairy products/Hard cheese,491,41.2,n.d.,n.d.,n.d.,n.d.,0.0,n.d.,0,0,30.0,1.7,0,21.9,n.d.,n.d.,n.d.,n.d.,n.d.,n.d.,0.56,n.d.,0.83,n.d.,n.d.,0.43,n.d.,0.8,n.d.,n.d.,690.0,n.d.,n.d.,n.d.,n.d.,n.d.,n.d.,n.d.,n.d.,dairy
Sausages and cold meats/Boiled sausage products,333,29.4,10.8,13.7,3,63,0.0,0,0,0,17.3,1.5,0,53.3,7,7,6,3,3,0.53,0.2,0.31,2.61,4.95,2.3,0.54,0,0,0.52,220,610.0,880,3.4,20,100,1.3,0.7,2.4,n.d.,meat
Fruit/Cooked fruit (incl. cans),36,0.6,0,0,0.1,0,5.3,5,0,3.2,0.7,0.0,0,90.2,1,0,0,5,5,0.01,0.02,0.03,0,0.31,19.1,0.13,20.8,0,0.45,90,0.7,58,18,11,20,0.2,1.3,0.1,0.5,fruits
Fruit/Fresh fruit,40,0.5,0,0,0.1,0,6.3,5.9,0,3.7,0.7,0.0,0,88.7,1,1,0,6,6,0.02,0.03,0.04,0,0.37,36.3,0.15,49.4,0,0.42,140,1.1,55,18,12,24,0.2,1.2,0.1,0.5,fruits
Sweets/Other sweet pastries,355,5.6,0.7,3,1.3,22,65.6,36.9,28.4,3,7.8,0.0,0.7,18.1,8,8,7,2,2,0.08,0.12,0.11,0.06,0.35,9.8,0.24,0.5,0.1,2.47,140,6.0,37,52,30,97,1.3,2.7,0.8,2,sweets
Sausages and cold meats/Boiled sausage products,291,25.4,9.4,11.8,2.6,63,0.0,0,0,0,15.6,1.4,0.1,59,5,5,5,2,2,0.23,0.16,0.13,1.52,2.65,1.6,0.29,0,0,0.43,120,570.0,870,2.9,13,79,1.2,0.7,2.1,n.d.,meat
Prepared dishes/Muesli and pudding,86,3.1,1.1,1,0.7,5,11.1,8.2,2.8,1.5,2.6,0.0,0,81.7,18,16,15,20,20,0.05,0.09,0.05,0.09,0.19,9.4,0.23,4.7,0,0.33,160,19.0,79,59,19,78,0.3,5.8,0.4,n.d.,other
Sweets/Other sweet pastries,363,10.4,5.8,2.4,0.9,25,57.2,33.5,19.5,6.9,4.9,0.8,1,20,84,80,76,44,44,0.08,0.06,0.09,0,0.5,15.4,0.24,0.7,0.2,0.81,320,300.0,450,64,32,75,1.6,2.2,0.6,n.d.,sweets
Sweets/Cakes and tarts,248,16.1,9.3,5,0.8,88,21.4,12,9.4,0.9,3.9,0.1,0.0001,56.4,199,185,171,169,169,0.03,0.1,0.04,0.0001,0.19,6,0.28,0.8,1,0.72,110,51.0,67,47,13,77,0.7,5.3,0.5,n.d.,sweets
Sausages and cold meats/Cooked sausage products,149,10.8,4.5,4.6,1,32,2.6,2.5,0,0.1,10.2,2.0,0,76.2,35,34,33,9,9,0.05,0.12,0.19,1.09,0.39,4.4,0.39,0.6,0,0.13,140,790.0,1230,61,13,64,30,6.9,1.6,n.d.,meat
Vegetables/Fresh vegetables,55,0.4,0.1,0,0.2,0,2.1,2.1,0.1,18.3,1.4,0.0,0,76.8,9,4,0,52,52,0.14,0.04,0.09,0,0.35,35.4,0.17,4.9,0,3,320,5.0,31,53,23,76,3.3,2.5,0.2,n.d.,vegetables
Vegetables/Cooked vegetables (incl. cans),57,0.5,0.1,0,0.3,0,2.2,2.2,0.1,19.1,1.5,0.0,0,76.7,9,4,0,52,52,0.12,0.04,0.09,0,0.31,23.6,0.16,4.4,0,3.33,300,4.4,33,56,22,80,3.1,2.6,0.2,n.d.,vegetables
"Sweets/Cakes and tarts;Prepared dishes/Cakes, pies and gratins",214,11.6,5.5,4,1.3,19,22.3,10.2,11.7,3.6,3.2,0.1,0,59.5,58,52,46,73,73,0.04,0.05,0.04,0.05,0.33,11.6,0.28,6.2,0.1,1.65,160,41.0,82,30,18,47,0.5,1.9,0.3,n.d.,sweets
"Sweets/Cakes and tarts;Prepared dishes/Cakes, pies and gratins",143,6.9,2.8,2.6,1,18,15.2,5.8,9,3.9,3.2,0.2,0,71,18,13,8,57,57,0.03,0.06,0.04,0.08,0.33,9.3,0.32,5.7,0.1,1.55,160,89.0,150,34,19,50,0.6,3.2,0.4,n.d.,sweets
"Sweets/Cakes and tarts;Prepared dishes/Cakes, pies and gratins",141,7.0,2.9,2.8,1,18,14.5,5.8,8.3,3.8,3.0,0.3,0,71.8,19,14,8,65,57,0.03,0.05,0.02,0.08,0.33,9.4,0.31,5.7,0.1,1.59,160,110.0,180,34,17,42,0.4,3.1,0.3,n.d.,sweets
Fruit/Fresh fruit,47,0.7,0.1,0.2,0.4,0,6.5,6.1,0.0001,5.2,1.1,0.0,0,86.1,19,9,0,113,98,0.01,0.03,0.02,0,0.47,16.1,0.24,10.7,0,1.28,200,1.0,20,31,20,25,0.4,0.4,0.2,0.0001,fruits
Milk and dairy products/Fresh cheese and curds,67,0.2,0.1,0,0,0,8.3,5.2,2.6,0.3,8.0,0.1,0,83.1,4,3,2,13,13,0.03,0.34,0.04,0.39,0.28,15.1,0.37,1.5,0,0.08,180,48.0,110,130,13,140,0.1,19,0.5,n.d.,dairy
Milk and dairy products/Fresh cheese and curds,47,0.0,0,0,0,1,3.9,3.9,0,0.0001,7.8,0.1,0,86.5,5,4,4,3,3,0.04,0.32,0.06,0.36,0.2,24,0.35,0,0.1,0.0001,140,44.0,89,130,12,120,0.2,10,0.5,n.d.,dairy
Milk and dairy products/Hard cheese,360,31.5,18.9,7.4,1.5,95,0.2,0.1,0,0,19.1,3.8,0,48.9,221,218,214,44,44,0.03,0.58,0.1,0.72,0.51,46,0.99,0,0.5,0.67,130,1530.0,2100,610,24,390,0.4,40,2.5,n.d.,dairy
Fruit/Dried fruit,338,4.4,0.3,0.6,1.7,0,56.4,46.4,10,24.4,6.1,0.0,0,6.7,42,21,0,250,n.d.,0.42,0.42,0.46,0,3.7,25,0.89,15,0,7.6,540,1.7,n.d.,120,49,140,1.8,5.6,1.1,1.4,fruits
Fruit/Fresh fruit,52,0.3,0,0.2,0,0,10.6,10,0,1.5,0.9,0.0,0,85.7,4,2,0,23,18,0.03,0.03,0.05,0,0.22,9,0.12,7.5,0,0.94,66,2.0,53,10,5,16,0.6,2,0.1,0.5,fruits
Prepared dishes/Salads,201,14.9,3.5,7.8,2.7,45,1.5,1.3,0.1,0.5,15.0,0.8,0,68,30,17,3,164,164,0.03,0.09,0.21,0.67,1.56,10.5,0.36,7.4,0.3,3.12,200,310.0,310,12,13,100,1.4,3,3.3,n.d.,other
Prepared dishes/Stews and soups,5,0.3,0.2,0.1,0,0,0.2,0,0.1,0.0001,0.3,1.1,0,98,0,0,0,0,0,0.0001,0.01,0.01,1,0.83,23,0.14,0,0,0,54,420.0,330,1,10,13,0.2,3,0,n.d.,other
Prepared dishes/Stews and soups,5,0.3,0.1,0.1,0.1,5.0,0.3,0.1,0.1,0.0001,0.3,1.0,0,98.1,0,0,0,0,0,0.0001,0.01,0.01,0.4,1.2,23,0.18,0,0,0,10,400.0,290,6,11,5,0.0001,2.8,0.0001,n.d.,other
Prepared dishes/Stews and soups,6,0.4,0.1,0.2,0.1,0,0.4,0.1,0.2,0.0001,0.3,0.9,0,97.5,0,0,0,2,2,0.11,0.01,0,0,0.1,1,0.03,0,0,0,8,360.0,280,1,4,3,0.1,3.6,0,n.d.,other
"Bread, flakes and breakfast cereals/Bread and bread products",272,6.4,3.2,1.4,1.2,20,40.4,0.9,39.5,7.3,9.5,1.2,0,36.9,46,44,42,22,22,0.25,0.15,0.29,0.03,0.67,33.9,0.68,0,0.1,1.14,270,460.0,710,22,86,240,3.3,2.6,2.3,3.7,cereals
"Bread, flakes and breakfast cereals/Bread and bread products",325,11.4,6.5,2.6,0.9,41,45.7,2.9,42.4,2.1,9.0,1.5,0,32.5,98,95,91,41,41,0.11,0.13,0.06,0.1,0.5,23.4,0.37,0.2,0.3,0.34,180,590.0,930,49,14,90,0.5,5.4,0.6,2.6,cereals
"Nuts, seeds and oleaginous fruit",698,66.5,16.1,23.9,24.4,0,4.2,2.3,0.3,7.5,17.0,0.0,0,3.4,0,0,0,0,0,0.62,0.04,0.1,0,0.3,22,0.18,0.7,0,5.65,640,0.7,55,160,350,650,2.4,5,4.3,230,fruits
"Bread, flakes and breakfast cereals/Bread and bread products",264,4.6,2.3,1,0.7,14,44.6,1.3,42.9,3.7,9.2,1.6,0,38.7,34,32,31,14,14,0.17,0.1,0.12,0.04,0.74,21.8,0.39,0.1,0.1,0.39,170,620.0,970,29,36,130,1.5,2.7,1.2,2.9,cereals
"Bread, flakes and breakfast cereals/Bread and bread products",272,4.7,0.5,1.9,2,0,45.6,4,41.4,5.2,9.1,1.3,0,36.1,0,0,0,2,2,0.19,0.1,0.23,0,0.72,26.5,0.49,0,0,1.71,200,500.0,770,17,59,180,2.4,1.4,1.7,3.7,cereals
"Bread, flakes and breakfast cereals/Bread and bread products",316,10.4,6,2.4,0.9,38,45.7,2.7,42.6,2.2,8.9,1.4,0,33.5,90,87,83,37,37,0.11,0.12,0.06,0.1,0.48,22,0.36,0.2,0.2,0.33,180,540.0,860,46,14,88,0.5,5.1,0.6,2.6,cereals
"Bread, flakes and breakfast cereals/Bread and bread products",267,3.3,0.3,1.5,1.1,0,49.2,4.4,44.4,2.9,8.7,1.3,0,36.7,0,0,0,0,0,0.16,0.06,0.16,0,0.62,25,0.38,0,0,0.82,140,520.0,810,13,30,110,1.4,0.9,1,2.8,cereals
"Bread, flakes and breakfast cereals/Bread and bread products",271,4.9,0.5,1.9,2.3,0,43.7,4.2,39.5,7.4,9.3,1.3,0,35.3,1,0,0,3,3,0.25,0.14,0.29,0,0.63,31.6,0.65,0,0,2.15,270,510.0,770,21,87,240,3.4,1.8,2.3,3.3,cereals
"Bread, flakes and breakfast cereals/Bread and bread products",215,1.0,0.2,0.2,0.5,0,41.5,0.4,40.9,2.9,8.6,1.9,0,46.7,0,0,0,0,0,0.15,0.07,0.12,0,0.72,22.9,0.31,0,0,0.23,120,770.0,1170,17,28,110,1.3,1.1,1,2.7,cereals
"Bread, flakes and breakfast cereals/Bread and bread products",231,1.0,0.1,0.1,0.5,0,44.6,0.3,43.9,3.5,9.1,2.1,0,42.5,0,0,0,0,0,0.15,0.07,0.18,0,0.78,20.7,0.37,0,0,0.27,140,840.0,1280,16,37,130,1.7,1.2,1.2,2.7,cereals
Sweets/Other sweet pastries,366,14.3,8.5,4.1,0.9,20,49.7,16.3,32.6,2.2,8.6,1.3,0,25.2,71,69,66,33,33,0.12,0.21,0.1,0.05,0.51,21.6,0.35,0.9,0.1,0.31,310,530.0,800,100,34,160,1.3,1.1,1.1,n.d.,sweets
"Bread, flakes and breakfast cereals/Bread and bread products",255,0.8,0.2,0.1,0.4,0,51.8,0.7,50.2,2.5,8.7,1.7,0,36.8,0,0,0,0,0,0.11,0.04,0.06,0.01,0.43,15.4,0.23,0,0,0.14,140,690.0,1080,7.8,14,60,0.6,0.9,0.5,1.9,cereals
